Employee ID,Last Name,First Name,Username,Password
10001,Garcia,Manuel III,mgarcia,GM01
10002,Lim,Antonio,alim,LA02
10003,Aquino,Bianca Sofia,baquino,BA03
10004,Reyes,Isabella,ireyes,RI04
10005,Hernandez,Eduard,ehernandez,HE05
10006,Villanueva,Andrea Mae,avillanueva,VA06
10007,San Jose,Brad,bsanjose,SB07
10008,Romualdez,Alice,aromualdez,RA08
10009,Atienza,Rosie,ratienza,AR09
10010,Alvaro,Roderick,ralvaro,AR10
10011,Salcedo,Anthony,asalcedo,SA11
10012,Lopez,Josie,jlopez,LJ12
10013,Farala,Martha,mfarala,FM13
10014,Martinez,Leila,lmartinez,ML14
10015,Romualdez,Fredrick,fromualdez,RF15
10016,Mata,Christian,cmata,MC16
10017,De Leon,Selena,sdeleon,DS17
10018,San Jose,Allison,asanjose,SA18
10019,Rosario,Cydney,crosario,RC19
10020,Bautista,Mark,mbautista,BM20
10021,Lazaro,Darlene,dlazaro,LD21
10022,Delos Santos,Kolby,kdelossantos,DK22
10023,Santos,Vella,vsantos,SV23
10024,Del Rosario,Tomas,tdelrosario,TD24
10025,Tolentino,Jacklyn,jtolentino,TJ25
10026,Gutierrez,Percival,pgutierrez,GP26
10027,Manalaysay,Garfield,gmanalaysay,MG27
10028,Villegas,Lizeth,lvillegas,VL28
10029,Ramos,Carol,cramos,RC29
10030,Maceda,Emelia,emaceda,ME30
10031,Aguilar,Delia,daguilar,AD31
10032,Castro,John Rafael,jcastro,CJ32
10033,Martinez,Carlos Ian,cmartinez,MC33
10034,Santos,Beatriz,bsantos,SB34